Date&Time, N(880), BC1(370), BC2(470), BC3(525), BC4(590), BC5(660), BC6(880), BC7(950), k1(370), k2(470), k3(525), k4(590), k5(660), k6(880), k7(950), FLowRatio
11/29/2016 00:00,,,,,,,,,,,,,,,,
11/29/2016 01:00,,,,,,,,,,,,,,,,
11/29/2016 02:00,,,,,,,,,,,,,,,,
11/29/2016 03:00,,,,,,,,,,,,,,,,
11/29/2016 04:00,,,,,,,,,,,,,,,,
11/29/2016 05:00,,,,,,,,,,,,,,,,
11/29/2016 06:00,,,,,,,,,,,,,,,,
11/29/2016 07:00,,,,,,,,,,,,,,,,
11/29/2016 08:00,,,,,,,,,,,,,,,,
11/29/2016 09:00,,,,,,,,,,,,,,,,
11/29/2016 10:00,,,,,,,,,,,,,,,,
11/29/2016 11:00,,,,,,,,,,,,,,,,
11/29/2016 12:00,,,,,,,,,,,,,,,,
11/29/2016 13:00,,,,,,,,,,,,,,,,
11/29/2016 14:00,,,,,,,,,,,,,,,,
11/29/2016 15:00,,,,,,,,,,,,,,,,
11/29/2016 16:00,,,,,,,,,,,,,,,,
11/29/2016 17:00,,,,,,,,,,,,,,,,
11/29/2016 18:00,,,,,,,,,,,,,,,,
11/29/2016 19:00,,,,,,,,,,,,,,,,
11/29/2016 20:00,,,,,,,,,,,,,,,,
11/29/2016 21:00,,,,,,,,,,,,,,,,
11/29/2016 22:00,,,,,,,,,,,,,,,,
11/29/2016 23:00,1,,,,,,,,,,,,,,,
11/30/2016 00:00,60,0.252,0.226,0.207,0.201,0.190,0.172,0.175,0.00559,0.00628,0.00653,0.00681,0.00700,0.00655,0.00650,0.736
11/30/2016 01:00,60,0.174,0.165,0.153,0.152,0.142,0.135,0.135,0.00558,0.00626,0.00652,0.00680,0.00700,0.00661,0.00657,0.736
11/30/2016 02:00,60,0.171,0.165,0.154,0.143,0.136,0.117,0.118,0.00556,0.00624,0.00649,0.00676,0.00697,0.00656,0.00652,0.737
11/30/2016 03:00,60,0.146,0.139,0.130,0.119,0.115,0.096,0.098,0.00555,0.00623,0.00647,0.00674,0.00694,0.00650,0.00646,0.740
11/30/2016 04:00,60,0.318,0.314,0.297,0.290,0.280,0.258,0.265,0.00554,0.00622,0.00646,0.00673,0.00692,0.00649,0.00644,0.743
11/30/2016 05:00,60,0.439,0.430,0.409,0.406,0.391,0.373,0.381,0.00555,0.00625,0.00650,0.00680,0.00702,0.00671,0.00669,0.744
11/30/2016 06:00,60,1.427,1.370,1.306,1.269,1.225,1.132,1.160,0.00558,0.00633,0.00663,0.00696,0.00724,0.00714,0.00715,0.745
11/30/2016 07:00,,,,,,,,,,,,,,,,
11/30/2016 08:00,54,2.566,2.472,2.400,2.367,2.321,2.256,2.322,0.00570,0.00662,0.00702,0.00749,0.00793,0.00847,0.00859,0.610
11/30/2016 09:00,60,2.781,2.720,2.650,2.629,2.587,2.547,2.623,0.00570,0.00662,0.00702,0.00749,0.00793,0.00847,0.00859,0.613
11/30/2016 10:00,60,2.223,2.187,2.130,2.113,2.078,2.043,2.103,0.00581,0.00677,0.00717,0.00766,0.00812,0.00877,0.00891,0.619
11/30/2016 11:00,60,1.939,1.944,1.891,1.873,1.840,1.799,1.853,0.00599,0.00692,0.00732,0.00783,0.00831,0.00907,0.00925,0.621
11/30/2016 12:00,60,1.960,1.992,1.941,1.932,1.899,1.869,1.925,0.00611,0.00695,0.00734,0.00786,0.00834,0.00915,0.00934,0.625
11/30/2016 13:00,60,1.579,1.585,1.533,1.516,1.484,1.440,1.482,0.00619,0.00696,0.00734,0.00786,0.00835,0.00922,0.00941,0.627
11/30/2016 14:00,60,1.799,1.797,1.741,1.716,1.683,1.628,1.676,0.00619,0.00692,0.00728,0.00779,0.00827,0.00912,0.00932,0.632
11/30/2016 15:00,60,1.631,1.608,1.552,1.528,1.492,1.435,1.477,0.00616,0.00686,0.00721,0.00771,0.00818,0.00903,0.00923,0.633
11/30/2016 16:00,60,1.461,1.450,1.402,1.383,1.353,1.304,1.341,0.00610,0.00680,0.00715,0.00763,0.00810,0.00896,0.00916,0.639
11/30/2016 17:00,60,1.052,1.033,0.999,0.990,0.967,0.936,0.962,0.00605,0.00673,0.00707,0.00755,0.00802,0.00887,0.00908,0.639
11/30/2016 18:00,60,0.978,0.958,0.928,0.924,0.903,0.882,0.906,0.00600,0.00668,0.00702,0.00749,0.00795,0.00884,0.00905,0.640
11/30/2016 19:00,60,1.074,1.052,1.015,1.010,0.986,0.961,0.987,0.00595,0.00663,0.00696,0.00744,0.00790,0.00881,0.00902,0.644
11/30/2016 20:00,60,1.006,0.989,0.958,0.952,0.931,0.909,0.935,0.00589,0.00656,0.00689,0.00735,0.00781,0.00873,0.00895,0.646
11/30/2016 21:00,60,0.921,0.867,0.831,0.820,0.798,0.769,0.790,0.00583,0.00650,0.00682,0.00728,0.00773,0.00866,0.00887,0.646
11/30/2016 22:00,60,0.868,0.790,0.750,0.733,0.709,0.672,0.690,0.00578,0.00644,0.00675,0.00720,0.00765,0.00856,0.00877,0.649
11/30/2016 23:00,60,0.491,0.443,0.414,0.401,0.386,0.361,0.370,0.00573,0.00638,0.00668,0.00712,0.00755,0.00845,0.00865,0.653
12/01/2016 00:00,60,0.217,0.224,0.211,0.205,0.200,0.190,0.194,0.00569,0.00633,0.00663,0.00706,0.00748,0.00835,0.00856,0.653
12/01/2016 01:00,60,0.172,0.193,0.186,0.185,0.180,0.176,0.181,0.00566,0.00630,0.00659,0.00701,0.00743,0.00829,0.00849,0.653
12/01/2016 02:00,60,0.246,0.256,0.246,0.246,0.238,0.233,0.238,0.00564,0.00626,0.00654,0.00696,0.00738,0.00824,0.00844,0.653
12/01/2016 03:00,60,0.164,0.176,0.170,0.171,0.168,0.162,0.166,0.00562,0.00623,0.00651,0.00692,0.00734,0.00819,0.00839,0.653
12/01/2016 04:00,60,0.276,0.272,0.261,0.257,0.249,0.241,0.248,0.00560,0.00619,0.00647,0.00689,0.00729,0.00814,0.00833,0.653
12/01/2016 05:00,60,0.523,0.521,0.500,0.494,0.484,0.468,0.482,0.00556,0.00616,0.00643,0.00684,0.00725,0.00809,0.00829,0.657
12/01/2016 06:00,60,1.284,1.274,1.225,1.212,1.185,1.161,1.198,0.00552,0.00612,0.00639,0.00680,0.00721,0.00807,0.00827,0.661
12/01/2016 07:00,60,1.563,1.573,1.517,1.510,1.482,1.467,1.515,0.00548,0.00608,0.00636,0.00677,0.00719,0.00809,0.00829,0.665
12/01/2016 08:00,60,1.569,1.584,1.530,1.526,1.502,1.498,1.549,0.00543,0.00603,0.00632,0.00673,0.00716,0.00811,0.00832,0.668
12/01/2016 09:00,60,1.566,1.593,1.541,1.535,1.515,1.508,1.562,0.00539,0.00599,0.00628,0.00670,0.00713,0.00812,0.00834,0.674
12/01/2016 10:00,56,1.726,1.679,1.618,1.594,1.562,1.521,1.574,0.00535,0.00595,0.00624,0.00666,0.00710,0.00811,0.00832,0.643
12/01/2016 11:00,60,1.565,1.492,1.444,1.422,1.396,1.366,1.405,0.00535,0.00595,0.00624,0.00666,0.00710,0.00811,0.00832,0.622
12/01/2016 12:00,60,1.537,1.472,1.426,1.405,1.380,1.350,1.390,0.00535,0.00595,0.00624,0.00666,0.00710,0.00811,0.00832,0.625
12/01/2016 13:00,60,1.687,1.638,1.585,1.559,1.531,1.491,1.537,0.00538,0.00598,0.00627,0.00669,0.00713,0.00813,0.00835,0.626
12/01/2016 14:00,60,1.809,1.785,1.729,1.703,1.672,1.630,1.680,0.00569,0.00627,0.00657,0.00701,0.00745,0.00838,0.00862,0.632
12/01/2016 15:00,60,1.570,1.538,1.483,1.456,1.426,1.380,1.421,0.00598,0.00651,0.00681,0.00727,0.00772,0.00862,0.00887,0.634
12/01/2016 16:00,60,1.386,1.347,1.300,1.276,1.249,1.207,1.244,0.00617,0.00666,0.00697,0.00744,0.00790,0.00880,0.00907,0.639
12/01/2016 17:00,60,1.389,1.366,1.321,1.303,1.278,1.240,1.279,0.00632,0.00682,0.00715,0.00764,0.00812,0.00907,0.00936,0.643
12/01/2016 18:00,60,0.915,0.909,0.883,0.877,0.861,0.845,0.872,0.00637,0.00687,0.00720,0.00769,0.00818,0.00915,0.00944,0.646
12/01/2016 19:00,60,0.536,0.525,0.507,0.502,0.493,0.482,0.497,0.00638,0.00689,0.00722,0.00772,0.00821,0.00920,0.00950,0.646
12/01/2016 20:00,60,0.678,0.647,0.624,0.618,0.606,0.593,0.612,0.00639,0.00691,0.00724,0.00775,0.00824,0.00927,0.00957,0.646
12/01/2016 21:00,60,0.679,0.638,0.612,0.604,0.591,0.578,0.595,0.00639,0.00693,0.00727,0.00778,0.00828,0.00934,0.00965,0.652
12/01/2016 22:00,60,0.498,0.476,0.457,0.455,0.444,0.438,0.451,0.00639,0.00693,0.00727,0.00779,0.00829,0.00938,0.00969,0.653
12/01/2016 23:00,60,0.467,0.444,0.426,0.422,0.413,0.406,0.418,0.00638,0.00694,0.00729,0.00780,0.00832,0.00943,0.00975,0.653
12/02/2016 00:00,60,0.273,0.261,0.252,0.250,0.242,0.236,0.242,0.00637,0.00693,0.00728,0.00780,0.00832,0.00946,0.00977,0.653
12/02/2016 01:00,60,0.409,0.384,0.367,0.360,0.353,0.336,0.348,0.00635,0.00692,0.00726,0.00778,0.00830,0.00944,0.00975,0.660
12/02/2016 02:00,60,0.238,0.209,0.197,0.187,0.178,0.158,0.162,0.00633,0.00688,0.00722,0.00773,0.00824,0.00935,0.00966,0.661
12/02/2016 03:00,60,0.215,0.194,0.182,0.174,0.168,0.151,0.155,0.00630,0.00685,0.00718,0.00769,0.00819,0.00926,0.00957,0.661
12/02/2016 04:00,60,0.250,0.235,0.223,0.217,0.211,0.198,0.204,0.00628,0.00682,0.00715,0.00765,0.00814,0.00919,0.00951,0.662
12/02/2016 05:00,60,0.602,0.576,0.554,0.543,0.532,0.511,0.530,0.00627,0.00681,0.00714,0.00763,0.00813,0.00917,0.00949,0.668
12/02/2016 06:00,60,1.349,1.298,1.245,1.227,1.199,1.163,1.201,0.00630,0.00686,0.00720,0.00771,0.00821,0.00930,0.00961,0.669
12/02/2016 07:00,60,1.218,1.177,1.130,1.117,1.093,1.064,1.103,0.00633,0.00692,0.00728,0.00780,0.00832,0.00946,0.00978,0.675
12/02/2016 08:00,60,1.763,1.692,1.625,1.606,1.575,1.538,1.592,0.00638,0.00701,0.00739,0.00793,0.00848,0.00970,0.01003,0.679
12/02/2016 09:00,60,1.967,1.887,1.804,1.781,1.739,1.691,1.751,0.00643,0.00710,0.00750,0.00807,0.00863,0.00994,0.01029,0.686
12/02/2016 10:00,60,1.427,1.367,1.311,1.291,1.261,1.221,1.265,0.00646,0.00717,0.00759,0.00817,0.00876,0.01013,0.01048,0.692
12/02/2016 11:00,60,1.851,1.766,1.686,1.657,1.618,1.561,1.619,0.00650,0.00723,0.00766,0.00825,0.00885,0.01027,0.01063,0.699
12/02/2016 12:00,60,1.668,1.576,1.501,1.470,1.433,1.368,1.420,0.00652,0.00727,0.00771,0.00832,0.00893,0.01037,0.01073,0.706
12/02/2016 13:00,60,1.628,1.521,1.447,1.408,1.368,1.290,1.337,0.00653,0.00729,0.00774,0.00835,0.00897,0.01043,0.01079,0.712
12/02/2016 14:00,60,1.468,1.356,1.285,1.247,1.211,1.139,1.180,0.00653,0.00730,0.00776,0.00838,0.00900,0.01048,0.01083,0.716
12/02/2016 15:00,60,1.532,1.402,1.324,1.287,1.244,1.163,1.204,0.00652,0.00730,0.00776,0.00838,0.00900,0.01049,0.01085,0.721
12/02/2016 16:00,60,1.441,1.314,1.241,1.204,1.159,1.081,1.117,0.00651,0.00729,0.00775,0.00837,0.00899,0.01048,0.01084,0.728
12/02/2016 17:00,60,1.173,1.078,1.022,0.993,0.961,0.895,0.924,0.00649,0.00727,0.00773,0.00834,0.00896,0.01044,0.01079,0.731
12/02/2016 18:00,56,0.918,0.794,0.748,0.719,0.689,0.627,0.651,0.00647,0.00724,0.00769,0.00830,0.00891,0.01038,0.01073,0.718
12/02/2016 19:00,60,0.950,0.809,0.777,0.760,0.742,0.721,0.744,0.00646,0.00723,0.00768,0.00828,0.00889,0.01035,0.01069,0.591
12/02/2016 20:00,60,0.657,0.508,0.484,0.473,0.461,0.451,0.464,0.00646,0.00723,0.00768,0.00828,0.00889,0.01035,0.01069,0.595
12/02/2016 21:00,60,0.766,0.644,0.612,0.593,0.575,0.554,0.569,0.00646,0.00723,0.00768,0.00828,0.00889,0.01035,0.01069,0.598
12/02/2016 22:00,60,0.549,0.469,0.445,0.430,0.416,0.398,0.408,0.00646,0.00723,0.00768,0.00828,0.00889,0.01035,0.01069,0.598
12/02/2016 23:00,60,0.419,0.314,0.289,0.272,0.258,0.239,0.245,0.00646,0.00723,0.00768,0.00828,0.00889,0.01035,0.01069,0.599
12/03/2016 00:00,60,0.269,0.239,0.224,0.212,0.204,0.193,0.199,0.00646,0.00723,0.00768,0.00828,0.00889,0.01035,0.01069,0.604
12/03/2016 01:00,60,0.254,0.230,0.218,0.213,0.206,0.204,0.210,0.00646,0.00723,0.00768,0.00828,0.00889,0.01035,0.01069,0.605
12/03/2016 02:00,60,0.187,0.217,0.213,0.215,0.212,0.218,0.223,0.00646,0.00723,0.00768,0.00828,0.00889,0.01035,0.01069,0.605
12/03/2016 03:00,60,0.161,0.184,0.183,0.184,0.182,0.187,0.192,0.00646,0.00723,0.00768,0.00828,0.00889,0.01035,0.01069,0.605
12/03/2016 04:00,60,0.159,0.176,0.173,0.175,0.172,0.173,0.179,0.00646,0.00723,0.00768,0.00828,0.00889,0.01035,0.01069,0.606
12/03/2016 05:00,60,0.124,0.135,0.133,0.132,0.130,0.129,0.132,0.00646,0.00723,0.00768,0.00828,0.00889,0.01035,0.01069,0.611
12/03/2016 06:00,60,0.176,0.180,0.175,0.173,0.169,0.163,0.168,0.00646,0.00723,0.00768,0.00828,0.00889,0.01035,0.01069,0.611
12/03/2016 07:00,60,0.170,0.172,0.166,0.163,0.160,0.154,0.157,0.00646,0.00723,0.00768,0.00828,0.00889,0.01035,0.01069,0.612
12/03/2016 08:00,60,0.191,0.190,0.183,0.180,0.176,0.167,0.172,0.00646,0.00723,0.00768,0.00828,0.00889,0.01035,0.01069,0.618
12/03/2016 09:00,60,0.164,0.162,0.155,0.151,0.147,0.139,0.142,0.00647,0.00724,0.00769,0.00830,0.00891,0.01038,0.01072,0.619
12/03/2016 10:00,60,0.177,0.170,0.163,0.159,0.155,0.146,0.149,0.00654,0.00731,0.00777,0.00840,0.00903,0.01057,0.01092,0.619
12/03/2016 11:00,60,0.236,0.230,0.221,0.216,0.209,0.198,0.202,0.00662,0.00739,0.00788,0.00853,0.00919,0.01081,0.01118,0.624
12/03/2016 12:00,60,0.398,0.339,0.317,0.301,0.288,0.261,0.268,0.00673,0.00751,0.00802,0.00870,0.00939,0.01112,0.01151,0.625
12/03/2016 13:00,60,0.352,0.301,0.275,0.249,0.232,0.184,0.187,0.00686,0.00764,0.00818,0.00889,0.00961,0.01142,0.01184,0.630
12/03/2016 14:00,60,0.289,0.232,0.208,0.180,0.165,0.113,0.114,0.00692,0.00769,0.00824,0.00895,0.00966,0.01142,0.01183,0.632
12/03/2016 15:00,60,0.257,0.227,0.212,0.199,0.191,0.167,0.171,0.00697,0.00773,0.00828,0.00899,0.00970,0.01142,0.01183,0.635
12/03/2016 16:00,60,0.463,0.374,0.348,0.330,0.314,0.289,0.295,0.00705,0.00781,0.00837,0.00909,0.00982,0.01156,0.01198,0.639
12/03/2016 17:00,60,0.398,0.332,0.312,0.304,0.292,0.284,0.290,0.00715,0.00794,0.00852,0.00927,0.01002,0.01185,0.01229,0.639
12/03/2016 18:00,60,0.298,0.271,0.257,0.255,0.248,0.248,0.254,0.00721,0.00804,0.00863,0.00941,0.01019,0.01213,0.01259,0.644
12/03/2016 19:00,60,0.474,0.390,0.367,0.358,0.342,0.333,0.340,0.00728,0.00814,0.00875,0.00956,0.01036,0.01243,0.01291,0.646
12/03/2016 20:00,60,0.446,0.363,0.341,0.332,0.320,0.312,0.320,0.00735,0.00826,0.00889,0.00972,0.01056,0.01275,0.01325,0.649
12/03/2016 21:00,60,0.421,0.349,0.326,0.317,0.305,0.295,0.302,0.00742,0.00835,0.00900,0.00986,0.01072,0.01299,0.01351,0.653
12/03/2016 22:00,60,0.422,0.335,0.311,0.298,0.285,0.272,0.278,0.00749,0.00846,0.00912,0.00999,0.01087,0.01322,0.01375,0.654
12/03/2016 23:00,60,0.381,0.316,0.295,0.286,0.273,0.262,0.269,0.00754,0.00853,0.00920,0.01008,0.01098,0.01339,0.01394,0.660
12/04/2016 00:00,60,0.367,0.308,0.289,0.282,0.272,0.265,0.270,0.00757,0.00858,0.00926,0.01016,0.01107,0.01353,0.01408,0.661
12/04/2016 01:00,60,0.361,0.331,0.320,0.319,0.313,0.308,0.317,0.00761,0.00864,0.00932,0.01023,0.01115,0.01364,0.01419,0.667
12/04/2016 02:00,60,0.344,0.310,0.295,0.290,0.280,0.269,0.274,0.00764,0.00868,0.00937,0.01028,0.01121,0.01371,0.01427,0.668
12/04/2016 03:00,60,0.363,0.331,0.318,0.315,0.307,0.300,0.309,0.00766,0.00871,0.00940,0.01031,0.01124,0.01375,0.01431,0.671
12/04/2016 04:00,60,0.360,0.335,0.324,0.324,0.319,0.315,0.327,0.00768,0.00874,0.00943,0.01033,0.01126,0.01378,0.01434,0.675
12/04/2016 05:00,60,0.309,0.283,0.270,0.266,0.259,0.249,0.255,0.00769,0.00876,0.00944,0.01035,0.01128,0.01378,0.01434,0.675
12/04/2016 06:00,60,0.319,0.284,0.269,0.263,0.253,0.239,0.244,0.00770,0.00877,0.00945,0.01036,0.01129,0.01380,0.01436,0.681
12/04/2016 07:00,60,0.335,0.300,0.283,0.276,0.265,0.247,0.254,0.00771,0.00877,0.00945,0.01036,0.01128,0.01378,0.01434,0.683
12/04/2016 08:00,60,0.344,0.307,0.293,0.284,0.274,0.257,0.263,0.00771,0.00877,0.00945,0.01035,0.01127,0.01375,0.01430,0.685
12/04/2016 09:00,60,0.915,0.807,0.764,0.743,0.715,0.673,0.690,0.00775,0.00884,0.00953,0.01043,0.01136,0.01385,0.01441,0.690
12/04/2016 10:00,60,0.812,0.724,0.686,0.669,0.645,0.607,0.622,0.00782,0.00897,0.00967,0.01059,0.01154,0.01409,0.01465,0.690
12/04/2016 11:00,60,0.354,0.323,0.305,0.294,0.281,0.258,0.263,0.00784,0.00900,0.00970,0.01062,0.01157,0.01410,0.01466,0.696
12/04/2016 12:00,60,0.384,0.353,0.334,0.321,0.308,0.277,0.282,0.00784,0.00900,0.00969,0.01060,0.01153,0.01402,0.01457,0.697
12/04/2016 13:00,60,0.397,0.358,0.340,0.323,0.309,0.273,0.281,0.00784,0.00899,0.00967,0.01057,0.01149,0.01392,0.01446,0.697
12/04/2016 14:00,60,0.433,0.369,0.347,0.326,0.311,0.267,0.275,0.00784,0.00898,0.00965,0.01053,0.01144,0.01379,0.01432,0.697
12/04/2016 15:00,60,0.434,0.368,0.346,0.327,0.311,0.272,0.279,0.00784,0.00897,0.00963,0.01050,0.01138,0.01367,0.01418,0.701
12/04/2016 16:00,60,0.537,0.440,0.413,0.394,0.377,0.342,0.351,0.00784,0.00897,0.00962,0.01047,0.01134,0.01358,0.01408,0.706
12/04/2016 17:00,60,0.639,0.541,0.513,0.496,0.480,0.451,0.463,0.00785,0.00899,0.00963,0.01048,0.01135,0.01356,0.01406,0.706
12/04/2016 18:00,60,0.669,0.515,0.480,0.461,0.440,0.411,0.421,0.00786,0.00901,0.00965,0.01050,0.01136,0.01357,0.01407,0.706
12/04/2016 19:00,60,0.469,0.422,0.400,0.389,0.373,0.354,0.362,0.00786,0.00902,0.00967,0.01052,0.01138,0.01360,0.01409,0.711
12/04/2016 20:00,60,0.589,0.467,0.435,0.419,0.401,0.378,0.386,0.00786,0.00903,0.00968,0.01053,0.01140,0.01363,0.01413,0.713
12/04/2016 21:00,60,0.470,0.347,0.316,0.296,0.279,0.249,0.254,0.00785,0.00903,0.00968,0.01052,0.01139,0.01362,0.01412,0.714
12/04/2016 22:00,60,0.400,0.314,0.288,0.274,0.261,0.242,0.246,0.00784,0.00901,0.00966,0.01050,0.01136,0.01358,0.01408,0.720
12/04/2016 23:00,60,0.434,0.338,0.312,0.305,0.291,0.282,0.287,0.00782,0.00899,0.00964,0.01048,0.01134,0.01357,0.01407,0.721
12/05/2016 00:00,60,0.437,0.349,0.322,0.315,0.302,0.297,0.303,0.00781,0.00898,0.00963,0.01047,0.01134,0.01359,0.01409,0.723
12/05/2016 01:00,60,0.372,0.301,0.274,0.269,0.253,0.243,0.248,0.00779,0.00896,0.00961,0.01044,0.01131,0.01358,0.01409,0.728
12/05/2016 02:00,60,0.422,0.350,0.321,0.311,0.297,0.283,0.289,0.00777,0.00894,0.00958,0.01041,0.01128,0.01356,0.01406,0.728
12/05/2016 03:00,60,0.781,0.639,0.592,0.570,0.548,0.529,0.542,0.00777,0.00895,0.00960,0.01043,0.01131,0.01360,0.01411,0.733
12/05/2016 04:00,60,1.125,0.958,0.905,0.883,0.856,0.828,0.855,0.00778,0.00898,0.00963,0.01048,0.01136,0.01369,0.01421,0.736
12/05/2016 05:00,60,1.355,1.191,1.123,1.098,1.063,1.024,1.054,0.00780,0.00904,0.00970,0.01055,0.01146,0.01383,0.01434,0.736
12/05/2016 06:00,60,0.982,0.862,0.812,0.789,0.762,0.732,0.754,0.00782,0.00908,0.00976,0.01063,0.01155,0.01397,0.01449,0.741
12/05/2016 07:00,60,1.501,1.344,1.273,1.248,1.211,1.172,1.210,0.00782,0.00911,0.00980,0.01067,0.01160,0.01405,0.01458,0.744
12/05/2016 08:00,48,1.404,1.234,1.163,1.132,1.091,1.042,1.072,0.00782,0.00914,0.00983,0.01071,0.01165,0.01413,0.01466,0.745
12/05/2016 09:00,,,,,,,,,,,,,,,,
12/05/2016 10:00,,,,,,,,,,,,,,,,
12/05/2016 11:00,,,,,,,,,,,,,,,,
12/05/2016 12:00,,,,,,,,,,,,,,,,
12/05/2016 13:00,,,,,,,,,,,,,,,,
12/05/2016 14:00,,,,,,,,,,,,,,,,
12/05/2016 15:00,,,,,,,,,,,,,,,,
12/05/2016 16:00,,,,,,,,,,,,,,,,
12/05/2016 17:00,,,,,,,,,,,,,,,,
12/05/2016 18:00,,,,,,,,,,,,,,,,
12/05/2016 19:00,,,,,,,,,,,,,,,,
12/05/2016 20:00,,,,,,,,,,,,,,,,
12/05/2016 21:00,,,,,,,,,,,,,,,,
12/05/2016 22:00,,,,,,,,,,,,,,,,
12/05/2016 23:00,,,,,,,,,,,,,,,,
12/06/2016 00:00,,,,,,,,,,,,,,,,
12/06/2016 01:00,,,,,,,,,,,,,,,,
12/06/2016 02:00,,,,,,,,,,,,,,,,
12/06/2016 03:00,,,,,,,,,,,,,,,,
12/06/2016 04:00,,,,,,,,,,,,,,,,
12/06/2016 05:00,,,,,,,,,,,,,,,,
12/06/2016 06:00,,,,,,,,,,,,,,,,
12/06/2016 07:00,,,,,,,,,,,,,,,,
12/06/2016 08:00,,,,,,,,,,,,,,,,
12/06/2016 09:00,,,,,,,,,,,,,,,,
12/06/2016 10:00,,,,,,,,,,,,,,,,
12/06/2016 11:00,,,,,,,,,,,,,,,,
12/06/2016 12:00,,,,,,,,,,,,,,,,
12/06/2016 13:00,,,,,,,,,,,,,,,,
12/06/2016 14:00,,,,,,,,,,,,,,,,
12/06/2016 15:00,49,0.347,0.269,0.255,0.247,0.241,0.225,0.236,0.00698,0.00802,0.00855,0.00923,0.00999,0.01203,0.01245,0.619
12/06/2016 16:00,60,0.369,0.274,0.261,0.255,0.249,0.246,0.253,0.00698,0.00802,0.00855,0.00923,0.00999,0.01203,0.01245,0.620
12/06/2016 17:00,60,0.314,0.230,0.219,0.215,0.208,0.205,0.209,0.00698,0.00802,0.00855,0.00923,0.00999,0.01203,0.01245,0.625
12/06/2016 18:00,60,0.279,0.203,0.193,0.188,0.182,0.179,0.184,0.00698,0.00802,0.00855,0.00923,0.00999,0.01203,0.01245,0.625
12/06/2016 19:00,60,0.274,0.210,0.200,0.195,0.190,0.185,0.190,0.00698,0.00802,0.00855,0.00923,0.00999,0.01203,0.01245,0.625
12/06/2016 20:00,60,0.215,0.161,0.150,0.143,0.139,0.133,0.136,0.00698,0.00802,0.00855,0.00923,0.00999,0.01203,0.01245,0.627
12/06/2016 21:00,60,0.192,0.153,0.142,0.136,0.130,0.124,0.127,0.00698,0.00802,0.00855,0.00923,0.00999,0.01203,0.01245,0.632
12/06/2016 22:00,60,0.155,0.132,0.123,0.117,0.113,0.107,0.110,0.00698,0.00802,0.00855,0.00923,0.00999,0.01203,0.01245,0.632
12/06/2016 23:00,60,0.140,0.126,0.118,0.114,0.110,0.104,0.107,0.00698,0.00802,0.00855,0.00923,0.00999,0.01203,0.01245,0.632
12/07/2016 00:00,60,0.125,0.114,0.107,0.102,0.099,0.093,0.095,0.00698,0.00802,0.00855,0.00923,0.00999,0.01203,0.01245,0.633
12/07/2016 01:00,60,0.130,0.117,0.110,0.106,0.102,0.096,0.098,0.00698,0.00802,0.00855,0.00923,0.00999,0.01203,0.01245,0.638
12/07/2016 02:00,60,0.119,0.108,0.101,0.099,0.095,0.091,0.093,0.00698,0.00802,0.00855,0.00923,0.00999,0.01203,0.01245,0.639
12/07/2016 03:00,60,0.130,0.119,0.111,0.108,0.105,0.100,0.103,0.00698,0.00802,0.00855,0.00923,0.00999,0.01203,0.01245,0.639
12/07/2016 04:00,60,0.116,0.103,0.097,0.093,0.090,0.086,0.088,0.00698,0.00802,0.00855,0.00923,0.00999,0.01203,0.01245,0.640
12/07/2016 05:00,60,0.210,0.195,0.186,0.182,0.178,0.173,0.178,0.00698,0.00802,0.00855,0.00923,0.00999,0.01203,0.01245,0.646
12/07/2016 06:00,60,0.400,0.381,0.364,0.357,0.348,0.337,0.346,0.00698,0.00802,0.00855,0.00923,0.00999,0.01203,0.01245,0.646
12/07/2016 07:00,60,0.501,0.490,0.475,0.468,0.461,0.454,0.467,0.00698,0.00802,0.00855,0.00923,0.00999,0.01203,0.01245,0.647
12/07/2016 08:00,60,0.636,0.648,0.639,0.643,0.640,0.653,0.676,0.00698,0.00802,0.00855,0.00923,0.00999,0.01203,0.01245,0.653
12/07/2016 09:00,60,0.419,0.419,0.408,0.406,0.402,0.398,0.411,0.00698,0.00802,0.00855,0.00923,0.00999,0.01203,0.01245,0.653
12/07/2016 10:00,60,0.598,0.586,0.566,0.557,0.545,0.533,0.551,0.00699,0.00803,0.00856,0.00925,0.01001,0.01207,0.01249,0.658
12/07/2016 11:00,60,0.554,0.532,0.512,0.502,0.491,0.479,0.493,0.00708,0.00810,0.00866,0.00938,0.01018,0.01236,0.01281,0.661
12/07/2016 12:00,60,0.838,0.819,0.792,0.781,0.766,0.753,0.778,0.00721,0.00821,0.00880,0.00956,0.01040,0.01270,0.01317,0.666
12/07/2016 13:00,60,0.666,0.649,0.629,0.620,0.609,0.599,0.617,0.00729,0.00830,0.00891,0.00969,0.01055,0.01291,0.01340,0.670
12/07/2016 14:00,60,0.994,0.978,0.948,0.938,0.922,0.912,0.942,0.00738,0.00841,0.00903,0.00984,0.01071,0.01311,0.01362,0.675
12/07/2016 15:00,60,0.822,0.808,0.783,0.775,0.760,0.753,0.776,0.00748,0.00854,0.00917,0.01000,0.01089,0.01333,0.01385,0.681
12/07/2016 16:00,60,0.665,0.653,0.632,0.627,0.614,0.609,0.629,0.00754,0.00862,0.00925,0.01008,0.01099,0.01344,0.01397,0.685
12/07/2016 17:00,60,0.643,0.630,0.613,0.610,0.601,0.604,0.624,0.00759,0.00868,0.00931,0.01016,0.01107,0.01354,0.01407,0.690
12/07/2016 18:00,60,0.560,0.546,0.530,0.526,0.518,0.518,0.534,0.00762,0.00873,0.00936,0.01021,0.01113,0.01360,0.01414,0.693
12/07/2016 19:00,60,0.462,0.437,0.420,0.414,0.406,0.401,0.415,0.00763,0.00874,0.00937,0.01022,0.01114,0.01362,0.01416,0.697
12/07/2016 20:00,60,0.386,0.359,0.344,0.339,0.330,0.323,0.334,0.00763,0.00874,0.00937,0.01022,0.01113,0.01361,0.01414,0.698
12/07/2016 21:00,60,0.397,0.368,0.352,0.345,0.336,0.331,0.341,0.00763,0.00873,0.00935,0.01020,0.01111,0.01356,0.01410,0.704
12/07/2016 22:00,60,0.359,0.329,0.314,0.308,0.299,0.293,0.301,0.00762,0.00871,0.00933,0.01016,0.01107,0.01351,0.01404,0.706
12/07/2016 23:00,60,0.258,0.230,0.217,0.210,0.203,0.195,0.201,0.00761,0.00869,0.00930,0.01012,0.01102,0.01344,0.01397,0.706
12/08/2016 00:00,60,0.204,0.178,0.164,0.159,0.152,0.143,0.147,0.00759,0.00866,0.00926,0.01008,0.01097,0.01337,0.01389,0.706
12/08/2016 01:00,60,0.248,0.220,0.208,0.202,0.194,0.187,0.193,0.00757,0.00863,0.00922,0.01003,0.01091,0.01329,0.01381,0.712
12/08/2016 02:00,60,0.213,0.188,0.175,0.168,0.163,0.153,0.158,0.00754,0.00860,0.00918,0.00998,0.01085,0.01321,0.01373,0.713
12/08/2016 03:00,60,0.221,0.200,0.187,0.181,0.174,0.167,0.172,0.00752,0.00856,0.00914,0.00994,0.01080,0.01312,0.01364,0.713
12/08/2016 04:00,60,0.278,0.260,0.247,0.242,0.236,0.229,0.236,0.00751,0.00854,0.00911,0.00990,0.01075,0.01305,0.01357,0.713
12/08/2016 05:00,60,0.452,0.434,0.419,0.414,0.404,0.401,0.415,0.00751,0.00854,0.00911,0.00989,0.01074,0.01303,0.01354,0.715
12/08/2016 06:00,60,0.643,0.635,0.615,0.612,0.602,0.603,0.623,0.00753,0.00857,0.00913,0.00992,0.01077,0.01305,0.01356,0.720
12/08/2016 07:00,60,0.893,0.886,0.860,0.857,0.846,0.848,0.880,0.00757,0.00864,0.00920,0.01000,0.01085,0.01313,0.01364,0.721
12/08/2016 08:00,60,0.912,0.920,0.894,0.892,0.880,0.886,0.920,0.00763,0.00872,0.00929,0.01008,0.01094,0.01322,0.01373,0.723
12/08/2016 09:00,60,0.905,0.932,0.910,0.911,0.903,0.913,0.948,0.00767,0.00878,0.00936,0.01016,0.01102,0.01330,0.01380,0.728
12/08/2016 10:00,60,0.945,0.966,0.944,0.944,0.937,0.944,0.982,0.00769,0.00881,0.00938,0.01018,0.01104,0.01329,0.01378,0.728
12/08/2016 11:00,60,0.935,0.954,0.929,0.925,0.919,0.923,0.960,0.00769,0.00881,0.00938,0.01018,0.01103,0.01325,0.01374,0.733
12/08/2016 12:00,60,1.103,1.120,1.091,1.091,1.079,1.086,1.129,0.00770,0.00882,0.00939,0.01018,0.01103,0.01322,0.01370,0.736
12/08/2016 13:00,60,0.918,0.945,0.921,0.921,0.916,0.923,0.962,0.00770,0.00882,0.00939,0.01017,0.01102,0.01319,0.01366,0.736
12/08/2016 14:00,60,1.029,1.046,1.016,1.016,1.004,1.012,1.052,0.00770,0.00882,0.00938,0.01017,0.01101,0.01317,0.01363,0.739
12/08/2016 15:00,60,0.946,0.969,0.939,0.940,0.931,0.937,0.974,0.00769,0.00881,0.00937,0.01015,0.01099,0.01313,0.01358,0.744
12/08/2016 16:00,60,0.832,0.859,0.834,0.835,0.828,0.833,0.862,0.00768,0.00879,0.00935,0.01013,0.01096,0.01308,0.01353,0.744
12/08/2016 17:00,60,0.721,0.733,0.712,0.712,0.702,0.706,0.735,0.00766,0.00876,0.00932,0.01009,0.01091,0.01301,0.01345,0.744
12/08/2016 18:00,46,0.681,0.688,0.666,0.667,0.658,0.659,0.682,0.00763,0.00873,0.00928,0.01004,0.01086,0.01294,0.01338,0.747
12/08/2016 19:00,,,,,,,,,,,,,,,,
12/08/2016 20:00,,,,,,,,,,,,,,,,
12/08/2016 21:00,,,,,,,,,,,,,,,,
12/08/2016 22:00,,,,,,,,,,,,,,,,
12/08/2016 23:00,,,,,,,,,,,,,,,,
12/09/2016 00:00,,,,,,,,,,,,,,,,
12/09/2016 01:00,,,,,,,,,,,,,,,,
12/09/2016 02:00,,,,,,,,,,,,,,,,
12/09/2016 03:00,,,,,,,,,,,,,,,,
12/09/2016 04:00,,,,,,,,,,,,,,,,
12/09/2016 05:00,,,,,,,,,,,,,,,,
12/09/2016 06:00,,,,,,,,,,,,,,,,
12/09/2016 07:00,,,,,,,,,,,,,,,,
12/09/2016 08:00,,,,,,,,,,,,,,,,
12/09/2016 09:00,,,,,,,,,,,,,,,,
12/09/2016 10:00,,,,,,,,,,,,,,,,
12/09/2016 11:00,,,,,,,,,,,,,,,,
12/09/2016 12:00,,,,,,,,,,,,,,,,
12/09/2016 13:00,,,,,,,,,,,,,,,,
12/09/2016 14:00,,,,,,,,,,,,,,,,
12/09/2016 15:00,,,,,,,,,,,,,,,,
12/09/2016 16:00,,,,,,,,,,,,,,,,
12/09/2016 17:00,,,,,,,,,,,,,,,,
12/09/2016 18:00,,,,,,,,,,,,,,,,
12/09/2016 19:00,,,,,,,,,,,,,,,,
12/09/2016 20:00,,,,,,,,,,,,,,,,
12/09/2016 21:00,22,,,,,,,,,,,,,,,
12/09/2016 22:00,60,0.566,0.479,0.461,0.452,0.442,0.432,0.445,0.00638,0.00715,0.00750,0.00805,0.00864,0.01010,0.01043,0.611
12/09/2016 23:00,60,0.481,0.402,0.387,0.381,0.372,0.367,0.377,0.00638,0.00715,0.00750,0.00805,0.00864,0.01010,0.01043,0.611
12/10/2016 00:00,60,0.443,0.333,0.314,0.304,0.294,0.281,0.287,0.00638,0.00715,0.00750,0.00805,0.00864,0.01010,0.01043,0.617
12/10/2016 01:00,60,0.415,0.306,0.285,0.276,0.265,0.253,0.259,0.00638,0.00715,0.00750,0.00805,0.00864,0.01010,0.01043,0.619
12/10/2016 02:00,60,0.415,0.312,0.290,0.279,0.269,0.257,0.263,0.00638,0.00715,0.00750,0.00805,0.00864,0.01010,0.01043,0.619
12/10/2016 03:00,60,0.363,0.282,0.261,0.249,0.239,0.224,0.228,0.00638,0.00715,0.00750,0.00805,0.00864,0.01010,0.01043,0.623
12/10/2016 04:00,60,0.328,0.269,0.249,0.238,0.227,0.211,0.216,0.00638,0.00715,0.00750,0.00805,0.00864,0.01010,0.01043,0.625
12/10/2016 05:00,60,0.393,0.337,0.313,0.301,0.290,0.272,0.280,0.00638,0.00715,0.00750,0.00805,0.00864,0.01010,0.01043,0.625
12/10/2016 06:00,60,0.398,0.343,0.320,0.306,0.294,0.276,0.281,0.00638,0.00715,0.00750,0.00805,0.00864,0.01010,0.01043,0.630
12/10/2016 07:00,60,0.630,0.572,0.540,0.525,0.507,0.483,0.496,0.00638,0.00715,0.00750,0.00805,0.00864,0.01010,0.01043,0.632
12/10/2016 08:00,60,0.917,0.874,0.835,0.815,0.794,0.763,0.785,0.00640,0.00717,0.00752,0.00808,0.00868,0.01016,0.01049,0.635
12/10/2016 09:00,60,1.046,0.959,0.912,0.889,0.862,0.823,0.844,0.00671,0.00744,0.00784,0.00847,0.00913,0.01083,0.01121,0.639
12/10/2016 10:00,60,0.995,0.922,0.877,0.857,0.834,0.799,0.822,0.00698,0.00770,0.00814,0.00883,0.00954,0.01140,0.01182,0.645
12/10/2016 11:00,60,0.737,0.696,0.669,0.657,0.644,0.622,0.642,0.00712,0.00786,0.00831,0.00902,0.00976,0.01166,0.01210,0.649
12/10/2016 12:00,60,0.592,0.550,0.524,0.512,0.499,0.477,0.491,0.00722,0.00799,0.00846,0.00918,0.00993,0.01184,0.01229,0.653
12/10/2016 13:00,60,0.698,0.621,0.581,0.557,0.534,0.493,0.505,0.00728,0.00807,0.00855,0.00928,0.01004,0.01195,0.01240,0.658
12/10/2016 14:00,60,0.904,0.775,0.719,0.686,0.654,0.602,0.615,0.00736,0.00821,0.00870,0.00945,0.01022,0.01217,0.01263,0.662
12/10/2016 15:00,60,0.618,0.552,0.516,0.496,0.475,0.444,0.455,0.00742,0.00831,0.00882,0.00958,0.01037,0.01236,0.01283,0.668
12/10/2016 16:00,60,0.487,0.392,0.360,0.344,0.327,0.302,0.309,0.00745,0.00836,0.00886,0.00963,0.01042,0.01243,0.01290,0.669
12/10/2016 17:00,60,0.653,0.486,0.441,0.418,0.394,0.362,0.369,0.00748,0.00841,0.00892,0.00969,0.01049,0.01251,0.01298,0.675
12/10/2016 18:00,60,1.259,1.154,1.137,1.157,1.170,1.227,1.279,0.00757,0.00858,0.00912,0.00992,0.01075,0.01286,0.01334,0.682
12/10/2016 19:00,60,0.655,0.491,0.449,0.425,0.402,0.371,0.377,0.00763,0.00867,0.00921,0.01003,0.01086,0.01300,0.01348,0.690
12/10/2016 20:00,60,0.544,0.422,0.386,0.365,0.348,0.321,0.330,0.00763,0.00868,0.00923,0.01003,0.01087,0.01299,0.01347,0.692
12/10/2016 21:00,60,0.578,0.465,0.429,0.406,0.385,0.354,0.362,0.00764,0.00871,0.00925,0.01005,0.01088,0.01298,0.01346,0.697
12/10/2016 22:00,60,0.916,0.753,0.700,0.673,0.646,0.606,0.622,0.00766,0.00874,0.00929,0.01008,0.01091,0.01301,0.01349,0.703
12/10/2016 23:00,60,0.891,0.721,0.665,0.634,0.605,0.558,0.572,0.00769,0.00880,0.00935,0.01016,0.01099,0.01310,0.01358,0.708
12/11/2016 00:00,60,0.797,0.695,0.651,0.632,0.609,0.571,0.586,0.00771,0.00884,0.00940,0.01020,0.01104,0.01315,0.01363,0.714
12/11/2016 01:00,60,0.739,0.628,0.584,0.561,0.537,0.500,0.512,0.00772,0.00886,0.00942,0.01023,0.01107,0.01317,0.01365,0.721
12/11/2016 02:00,60,0.620,0.532,0.491,0.469,0.447,0.411,0.421,0.00773,0.00888,0.00944,0.01024,0.01107,0.01317,0.01364,0.726
12/11/2016 03:00,60,0.621,0.521,0.479,0.455,0.433,0.392,0.402,0.00773,0.00888,0.00943,0.01024,0.01106,0.01314,0.01361,0.729
12/11/2016 04:00,60,0.738,0.603,0.552,0.524,0.496,0.452,0.462,0.00773,0.00887,0.00943,0.01023,0.01105,0.01311,0.01357,0.736
12/11/2016 05:00,60,0.886,0.710,0.650,0.618,0.588,0.536,0.549,0.00773,0.00889,0.00944,0.01024,0.01106,0.01311,0.01357,0.739
12/11/2016 06:00,60,0.809,0.669,0.616,0.587,0.559,0.515,0.525,0.00775,0.00891,0.00947,0.01027,0.01109,0.01314,0.01360,0.744
12/11/2016 07:00,31,,,,,,,,,,,,,,,
12/11/2016 08:00,,,,,,,,,,,,,,,,
12/11/2016 09:00,,,,,,,,,,,,,,,,
12/11/2016 10:00,,,,,,,,,,,,,,,,
12/11/2016 11:00,,,,,,,,,,,,,,,,
12/11/2016 12:00,,,,,,,,,,,,,,,,
12/11/2016 13:00,,,,,,,,,,,,,,,,
12/11/2016 14:00,,,,,,,,,,,,,,,,
12/11/2016 15:00,,,,,,,,,,,,,,,,
12/11/2016 16:00,,,,,,,,,,,,,,,,
12/11/2016 17:00,,,,,,,,,,,,,,,,
12/11/2016 18:00,,,,,,,,,,,,,,,,
12/11/2016 19:00,,,,,,,,,,,,,,,,
12/11/2016 20:00,,,,,,,,,,,,,,,,
12/11/2016 21:00,,,,,,,,,,,,,,,,
12/11/2016 22:00,,,,,,,,,,,,,,,,
12/11/2016 23:00,,,,,,,,,,,,,,,,
12/12/2016 00:00,,,,,,,,,,,,,,,,
12/12/2016 01:00,,,,,,,,,,,,,,,,
12/12/2016 02:00,12,,,,,,,,,,,,,,,
12/12/2016 03:00,60,0.687,0.491,0.459,0.442,0.426,0.403,0.413,0.00729,0.00855,0.00913,0.00992,0.01074,0.01284,0.01327,0.598
12/12/2016 04:00,60,0.623,0.472,0.439,0.425,0.411,0.394,0.403,0.00729,0.00855,0.00913,0.00992,0.01074,0.01284,0.01327,0.604
12/12/2016 05:00,60,0.769,0.635,0.599,0.584,0.567,0.548,0.562,0.00729,0.00855,0.00913,0.00992,0.01074,0.01284,0.01327,0.605
12/12/2016 06:00,60,0.722,0.590,0.553,0.535,0.517,0.488,0.498,0.00729,0.00855,0.00913,0.00992,0.01074,0.01284,0.01327,0.609
12/12/2016 07:00,60,0.602,0.496,0.465,0.448,0.432,0.404,0.413,0.00729,0.00855,0.00913,0.00992,0.01074,0.01284,0.01327,0.611
12/12/2016 08:00,60,0.648,0.571,0.540,0.523,0.506,0.479,0.490,0.00729,0.00855,0.00913,0.00992,0.01074,0.01284,0.01327,0.616
12/12/2016 09:00,60,0.644,0.583,0.548,0.530,0.512,0.479,0.491,0.00729,0.00855,0.00913,0.00992,0.01074,0.01284,0.01327,0.619
12/12/2016 10:00,60,0.622,0.569,0.535,0.515,0.496,0.460,0.470,0.00730,0.00855,0.00913,0.00992,0.01074,0.01284,0.01327,0.622
12/12/2016 11:00,60,0.596,0.543,0.510,0.489,0.470,0.432,0.442,0.00736,0.00851,0.00909,0.00988,0.01070,0.01279,0.01323,0.625
12/12/2016 12:00,60,0.474,0.435,0.409,0.390,0.374,0.341,0.349,0.00744,0.00846,0.00904,0.00982,0.01062,0.01266,0.01311,0.629
12/12/2016 13:00,60,0.800,0.741,0.703,0.680,0.658,0.617,0.633,0.00751,0.00840,0.00897,0.00974,0.01052,0.01246,0.01291,0.632
12/12/2016 14:00,60,0.535,0.485,0.458,0.441,0.426,0.397,0.405,0.00756,0.00836,0.00892,0.00967,0.01044,0.01230,0.01275,0.636
12/12/2016 15:00,60,0.580,0.494,0.461,0.443,0.425,0.395,0.404,0.00757,0.00833,0.00887,0.00961,0.01036,0.01217,0.01262,0.639
12/12/2016 16:00,60,0.684,0.566,0.525,0.502,0.480,0.446,0.455,0.00759,0.00831,0.00884,0.00956,0.01030,0.01207,0.01252,0.644
12/12/2016 17:00,60,1.107,0.960,0.900,0.867,0.831,0.770,0.786,0.00760,0.00832,0.00884,0.00956,0.01030,0.01205,0.01251,0.647
12/12/2016 18:00,60,0.744,0.618,0.578,0.558,0.535,0.501,0.512,0.00762,0.00835,0.00887,0.00959,0.01032,0.01206,0.01252,0.653
12/12/2016 19:00,60,0.868,0.752,0.709,0.690,0.665,0.630,0.646,0.00760,0.00835,0.00886,0.00957,0.01030,0.01204,0.01249,0.655
12/12/2016 20:00,60,0.806,0.670,0.628,0.606,0.583,0.546,0.559,0.00758,0.00834,0.00884,0.00955,0.01027,0.01200,0.01244,0.661
12/12/2016 21:00,60,1.124,0.935,0.881,0.856,0.827,0.787,0.807,0.00757,0.00836,0.00885,0.00956,0.01028,0.01202,0.01246,0.667
12/12/2016 22:00,60,0.798,0.662,0.617,0.595,0.571,0.535,0.550,0.00757,0.00836,0.00885,0.00955,0.01027,0.01199,0.01244,0.671
12/12/2016 23:00,60,0.665,0.540,0.499,0.479,0.457,0.425,0.434,0.00753,0.00834,0.00882,0.00952,0.01023,0.01196,0.01240,0.676
12/13/2016 00:00,60,0.573,0.457,0.418,0.400,0.380,0.354,0.360,0.00749,0.00829,0.00877,0.00945,0.01016,0.01188,0.01231,0.683
12/13/2016 01:00,60,0.515,0.398,0.362,0.342,0.324,0.299,0.305,0.00745,0.00824,0.00871,0.00939,0.01009,0.01178,0.01222,0.690
12/13/2016 02:00,60,0.551,0.426,0.386,0.365,0.347,0.314,0.321,0.00741,0.00819,0.00864,0.00930,0.00999,0.01165,0.01208,0.695
12/13/2016 03:00,60,0.628,0.490,0.445,0.423,0.401,0.367,0.377,0.00737,0.00813,0.00857,0.00922,0.00989,0.01151,0.01193,0.701
12/13/2016 04:00,60,2.462,2.484,2.499,2.588,2.644,2.798,2.925,0.00734,0.00812,0.00856,0.00921,0.00989,0.01155,0.01197,0.707
12/13/2016 05:00,60,0.732,0.567,0.519,0.492,0.468,0.424,0.433,0.00733,0.00821,0.00870,0.00941,0.01015,0.01199,0.01243,0.718
12/13/2016 06:00,60,0.879,0.690,0.631,0.602,0.574,0.527,0.540,0.00728,0.00815,0.00863,0.00932,0.01004,0.01182,0.01225,0.725
12/13/2016 07:00,60,1.068,0.846,0.780,0.747,0.717,0.666,0.681,0.00724,0.00811,0.00858,0.00925,0.00996,0.01171,0.01214,0.732
12/13/2016 08:00,60,1.090,0.885,0.818,0.787,0.754,0.707,0.725,0.00722,0.00809,0.00856,0.00923,0.00994,0.01167,0.01211,0.738
12/13/2016 09:00,60,1.234,1.059,0.989,0.957,0.927,0.878,0.906,0.00719,0.00807,0.00853,0.00920,0.00989,0.01161,0.01204,0.744
12/13/2016 10:00,19,,,,,,,,,,,,,,,
12/13/2016 11:00,,,,,,,,,,,,,,,,
12/13/2016 12:00,,,,,,,,,,,,,,,,
12/13/2016 13:00,,,,,,,,,,,,,,,,
12/13/2016 14:00,,,,,,,,,,,,,,,,
12/13/2016 15:00,,,,,,,,,,,,,,,,
12/13/2016 16:00,,,,,,,,,,,,,,,,
12/13/2016 17:00,,,,,,,,,,,,,,,,
12/13/2016 18:00,,,,,,,,,,,,,,,,
12/13/2016 19:00,,,,,,,,,,,,,,,,
12/13/2016 20:00,,,,,,,,,,,,,,,,
12/13/2016 21:00,,,,,,,,,,,,,,,,
12/13/2016 22:00,,,,,,,,,,,,,,,,
12/13/2016 23:00,,,,,,,,,,,,,,,,
12/14/2016 00:00,,,,,,,,,,,,,,,,
12/14/2016 01:00,,,,,,,,,,,,,,,,
12/14/2016 02:00,,,,,,,,,,,,,,,,
12/14/2016 03:00,,,,,,,,,,,,,,,,
12/14/2016 04:00,,,,,,,,,,,,,,,,
12/14/2016 05:00,,,,,,,,,,,,,,,,
12/14/2016 06:00,,,,,,,,,,,,,,,,
12/14/2016 07:00,,,,,,,,,,,,,,,,
12/14/2016 08:00,,,,,,,,,,,,,,,,
12/14/2016 09:00,,,,,,,,,,,,,,,,
12/14/2016 10:00,,,,,,,,,,,,,,,,
12/14/2016 11:00,3,,,,,,,,,,,,,,,
12/14/2016 12:00,60,0.943,0.873,0.847,0.828,0.816,0.805,0.834,0.00580,0.00630,0.00650,0.00686,0.00723,0.00801,0.00827,0.598
12/14/2016 13:00,60,0.786,0.723,0.696,0.684,0.670,0.657,0.677,0.00580,0.00630,0.00650,0.00686,0.00723,0.00801,0.00827,0.599
12/14/2016 14:00,60,0.844,0.767,0.737,0.722,0.705,0.687,0.706,0.00580,0.00630,0.00650,0.00686,0.00723,0.00801,0.00827,0.604
12/14/2016 15:00,60,0.753,0.679,0.651,0.639,0.623,0.606,0.623,0.00580,0.00630,0.00650,0.00686,0.00723,0.00801,0.00827,0.605
12/14/2016 16:00,60,1.030,0.947,0.909,0.893,0.873,0.851,0.874,0.00580,0.00630,0.00650,0.00686,0.00723,0.00801,0.00827,0.605
12/14/2016 17:00,60,0.882,0.822,0.792,0.780,0.761,0.742,0.763,0.00580,0.00630,0.00650,0.00686,0.00724,0.00802,0.00828,0.611
12/14/2016 18:00,60,0.765,0.704,0.674,0.660,0.642,0.621,0.638,0.00588,0.00639,0.00661,0.00699,0.00739,0.00823,0.00851,0.611
12/14/2016 19:00,60,0.871,0.807,0.768,0.747,0.723,0.689,0.707,0.00601,0.00651,0.00675,0.00716,0.00758,0.00850,0.00879,0.613
12/14/2016 20:00,60,0.567,0.538,0.514,0.500,0.484,0.460,0.472,0.00612,0.00658,0.00683,0.00725,0.00768,0.00864,0.00895,0.618
12/14/2016 21:00,60,0.447,0.437,0.418,0.407,0.394,0.377,0.387,0.00621,0.00660,0.00686,0.00728,0.00772,0.00869,0.00900,0.619
12/14/2016 22:00,60,0.477,0.455,0.434,0.424,0.411,0.393,0.405,0.00630,0.00663,0.00689,0.00732,0.00776,0.00876,0.00907,0.619
12/14/2016 23:00,60,0.358,0.331,0.313,0.302,0.292,0.275,0.282,0.00636,0.00664,0.00690,0.00734,0.00779,0.00878,0.00910,0.619
12/15/2016 00:00,60,0.393,0.362,0.344,0.336,0.324,0.309,0.317,0.00640,0.00665,0.00691,0.00734,0.00780,0.00879,0.00911,0.623
12/15/2016 01:00,60,0.268,0.243,0.230,0.224,0.217,0.207,0.213,0.00643,0.00665,0.00691,0.00735,0.00780,0.00881,0.00912,0.625
12/15/2016 02:00,60,0.285,0.256,0.242,0.236,0.228,0.219,0.225,0.00644,0.00665,0.00690,0.00734,0.00780,0.00881,0.00913,0.625
12/15/2016 03:00,60,0.370,0.330,0.313,0.305,0.294,0.281,0.289,0.00644,0.00664,0.00689,0.00733,0.00779,0.00882,0.00914,0.625
12/15/2016 04:00,60,0.403,0.354,0.335,0.326,0.315,0.300,0.308,0.00643,0.00663,0.00689,0.00733,0.00779,0.00882,0.00914,0.630
12/15/2016 05:00,60,0.582,0.528,0.502,0.491,0.477,0.459,0.473,0.00642,0.00663,0.00689,0.00733,0.00780,0.00884,0.00916,0.632
12/15/2016 06:00,60,1.000,0.890,0.848,0.830,0.806,0.775,0.797,0.00643,0.00667,0.00694,0.00739,0.00787,0.00894,0.00927,0.633
12/15/2016 07:00,60,1.053,0.966,0.920,0.900,0.876,0.844,0.870,0.00644,0.00672,0.00701,0.00748,0.00797,0.00908,0.00941,0.639
12/15/2016 08:00,60,1.279,1.210,1.173,1.165,1.149,1.141,1.181,0.00646,0.00681,0.00712,0.00760,0.00812,0.00928,0.00962,0.641
12/15/2016 09:00,60,1.309,1.213,1.159,1.140,1.113,1.077,1.113,0.00647,0.00689,0.00721,0.00771,0.00825,0.00945,0.00980,0.646
12/15/2016 10:00,60,0.710,0.634,0.597,0.573,0.550,0.504,0.519,0.00645,0.00690,0.00723,0.00774,0.00828,0.00947,0.00982,0.648
12/15/2016 11:00,60,0.768,0.681,0.641,0.612,0.589,0.539,0.555,0.00641,0.00688,0.00721,0.00771,0.00824,0.00939,0.00973,0.653
12/15/2016 12:00,60,0.795,0.698,0.659,0.633,0.612,0.566,0.585,0.00638,0.00686,0.00719,0.00768,0.00821,0.00933,0.00966,0.655
12/15/2016 13:00,60,0.543,0.478,0.451,0.431,0.414,0.379,0.389,0.00634,0.00683,0.00715,0.00764,0.00816,0.00924,0.00957,0.661
12/15/2016 14:00,60,0.608,0.552,0.513,0.497,0.479,0.446,0.460,0.00631,0.00680,0.00712,0.00761,0.00812,0.00919,0.00951,0.661
12/15/2016 15:00,60,0.616,0.555,0.523,0.508,0.490,0.462,0.473,0.00628,0.00680,0.00711,0.00760,0.00811,0.00918,0.00950,0.668
12/15/2016 16:00,60,0.782,0.666,0.622,0.599,0.574,0.535,0.550,0.00626,0.00679,0.00710,0.00758,0.00810,0.00918,0.00950,0.668
12/15/2016 17:00,60,0.694,0.577,0.537,0.516,0.492,0.453,0.465,0.00624,0.00677,0.00709,0.00758,0.00809,0.00917,0.00949,0.675
12/15/2016 18:00,60,0.744,0.593,0.546,0.519,0.495,0.450,0.462,0.00622,0.00676,0.00708,0.00756,0.00808,0.00915,0.00947,0.675
12/15/2016 19:00,60,0.948,0.723,0.668,0.633,0.601,0.547,0.563,0.00621,0.00675,0.00707,0.00755,0.00806,0.00913,0.00945,0.681
12/15/2016 20:00,60,1.402,1.081,0.995,0.946,0.900,0.821,0.841,0.00621,0.00676,0.00710,0.00759,0.00810,0.00920,0.00951,0.685
12/15/2016 21:00,60,2.160,1.726,1.594,1.520,1.453,1.337,1.374,0.00625,0.00687,0.00723,0.00775,0.00830,0.00948,0.00980,0.693
12/15/2016 22:00,60,1.162,0.940,0.865,0.819,0.777,0.707,0.725,0.00626,0.00693,0.00730,0.00784,0.00841,0.00964,0.00997,0.698
12/15/2016 23:00,60,1.353,1.080,0.989,0.934,0.885,0.797,0.815,0.00625,0.00694,0.00733,0.00787,0.00845,0.00971,0.01004,0.705
12/16/2016 00:00,60,0.803,0.656,0.607,0.579,0.553,0.505,0.519,0.00622,0.00692,0.00731,0.00785,0.00842,0.00969,0.01001,0.706
12/16/2016 01:00,60,0.591,0.498,0.455,0.427,0.401,0.355,0.363,0.00618,0.00687,0.00725,0.00778,0.00835,0.00959,0.00990,0.713
12/16/2016 02:00,60,0.457,0.390,0.358,0.332,0.311,0.273,0.278,0.00614,0.00682,0.00719,0.00772,0.00827,0.00949,0.00980,0.716
12/16/2016 03:00,60,0.435,0.362,0.330,0.306,0.285,0.248,0.254,0.00610,0.00677,0.00713,0.00764,0.00819,0.00937,0.00968,0.721
12/16/2016 04:00,60,0.439,0.370,0.340,0.321,0.304,0.270,0.275,0.00606,0.00671,0.00707,0.00757,0.00811,0.00927,0.00957,0.728
12/16/2016 05:00,60,0.442,0.373,0.346,0.328,0.309,0.279,0.288,0.00602,0.00666,0.00701,0.00751,0.00803,0.00916,0.00946,0.729
12/16/2016 06:00,60,0.545,0.457,0.419,0.397,0.377,0.338,0.346,0.00599,0.00662,0.00697,0.00745,0.00797,0.00908,0.00937,0.735
12/16/2016 07:00,60,0.683,0.575,0.535,0.509,0.485,0.445,0.455,0.00596,0.00659,0.00693,0.00741,0.00793,0.00902,0.00931,0.736
12/16/2016 08:00,60,0.770,0.653,0.604,0.578,0.551,0.506,0.521,0.00594,0.00657,0.00692,0.00740,0.00792,0.00902,0.00931,0.743
12/16/2016 09:00,51,0.632,0.543,0.507,0.484,0.462,0.424,0.435,0.00592,0.00655,0.00689,0.00738,0.00790,0.00901,0.00929,0.745
12/16/2016 10:00,15,,,,,,,,,,,,,,,
12/16/2016 11:00,60,0.649,0.514,0.492,0.479,0.465,0.444,0.456,0.00588,0.00651,0.00684,0.00732,0.00784,0.00894,0.00922,0.588
12/16/2016 12:00,60,0.671,0.523,0.487,0.469,0.451,0.424,0.433,0.00588,0.00651,0.00684,0.00732,0.00784,0.00894,0.00922,0.591
12/16/2016 13:00,60,0.812,0.676,0.633,0.612,0.592,0.560,0.572,0.00588,0.00651,0.00684,0.00732,0.00784,0.00894,0.00922,0.595
12/16/2016 14:00,60,1.479,1.334,1.275,1.245,1.212,1.165,1.196,0.00588,0.00651,0.00684,0.00732,0.00784,0.00894,0.00922,0.599
12/16/2016 15:00,60,1.110,0.996,0.945,0.920,0.891,0.846,0.866,0.00588,0.00651,0.00684,0.00732,0.00784,0.00894,0.00922,0.605
12/16/2016 16:00,60,0.880,0.765,0.718,0.694,0.669,0.628,0.643,0.00596,0.00658,0.00692,0.00741,0.00793,0.00904,0.00933,0.609
12/16/2016 17:00,60,1.039,0.939,0.891,0.866,0.839,0.799,0.818,0.00629,0.00683,0.00721,0.00774,0.00828,0.00943,0.00972,0.613
12/16/2016 18:00,60,0.995,0.852,0.800,0.771,0.741,0.693,0.707,0.00653,0.00701,0.00740,0.00794,0.00849,0.00965,0.00995,0.619
12/16/2016 19:00,60,0.979,0.822,0.770,0.739,0.709,0.658,0.672,0.00674,0.00719,0.00758,0.00814,0.00869,0.00986,0.01017,0.622
12/16/2016 20:00,60,1.216,0.976,0.906,0.864,0.824,0.758,0.773,0.00690,0.00735,0.00774,0.00830,0.00886,0.01001,0.01032,0.628
12/16/2016 21:00,60,1.311,1.019,0.938,0.888,0.844,0.771,0.785,0.00704,0.00752,0.00792,0.00848,0.00905,0.01020,0.01052,0.634
12/16/2016 22:00,60,1.194,0.924,0.846,0.799,0.756,0.685,0.700,0.00714,0.00767,0.00806,0.00863,0.00920,0.01033,0.01066,0.639
12/16/2016 23:00,60,1.174,0.909,0.831,0.782,0.741,0.670,0.682,0.00721,0.00779,0.00819,0.00875,0.00932,0.01044,0.01077,0.646
12/17/2016 00:00,60,1.017,0.778,0.707,0.663,0.626,0.564,0.576,0.00725,0.00788,0.00827,0.00883,0.00940,0.01050,0.01083,0.649
12/17/2016 01:00,60,0.785,0.620,0.565,0.530,0.500,0.450,0.459,0.00727,0.00792,0.00831,0.00886,0.00942,0.01048,0.01080,0.653
12/17/2016 02:00,60,0.683,0.558,0.511,0.482,0.455,0.411,0.420,0.00727,0.00793,0.00832,0.00886,0.00941,0.01044,0.01075,0.659
12/17/2016 03:00,60,0.665,0.548,0.505,0.481,0.460,0.426,0.436,0.00726,0.00794,0.00832,0.00886,0.00940,0.01040,0.01072,0.661
12/17/2016 04:00,60,0.383,0.336,0.311,0.296,0.281,0.258,0.263,0.00725,0.00794,0.00831,0.00885,0.00939,0.01038,0.01069,0.666
12/17/2016 05:00,60,0.382,0.344,0.320,0.308,0.294,0.274,0.281,0.00723,0.00791,0.00827,0.00880,0.00933,0.01028,0.01059,0.668
12/17/2016 06:00,60,0.379,0.336,0.316,0.303,0.288,0.267,0.273,0.00722,0.00789,0.00825,0.00877,0.00930,0.01023,0.01054,0.669
12/17/2016 07:00,60,0.331,0.294,0.272,0.261,0.249,0.228,0.233,0.00720,0.00786,0.00821,0.00873,0.00925,0.01017,0.01046,0.675
12/17/2016 08:00,60,0.434,0.369,0.346,0.333,0.320,0.299,0.306,0.00718,0.00783,0.00819,0.00869,0.00921,0.01011,0.01040,0.675
12/17/2016 09:00,60,0.400,0.353,0.328,0.316,0.301,0.277,0.284,0.00717,0.00782,0.00817,0.00868,0.00920,0.01009,0.01039,0.677
12/17/2016 10:00,60,0.428,0.375,0.348,0.332,0.318,0.291,0.298,0.00716,0.00782,0.00817,0.00867,0.00918,0.01007,0.01037,0.683
12/17/2016 11:00,60,0.393,0.354,0.327,0.314,0.299,0.271,0.278,0.00715,0.00781,0.00816,0.00866,0.00917,0.01006,0.01035,0.683
12/17/2016 12:00,60,0.418,0.377,0.352,0.337,0.323,0.298,0.305,0.00714,0.00781,0.00816,0.00866,0.00918,0.01005,0.01034,0.685
12/17/2016 13:00,60,0.396,0.350,0.326,0.313,0.300,0.271,0.278,0.00714,0.00782,0.00817,0.00867,0.00919,0.01005,0.01034,0.690
12/17/2016 14:00,60,0.417,0.368,0.340,0.326,0.311,0.287,0.293,0.00713,0.00782,0.00817,0.00867,0.00919,0.01005,0.01033,0.690
12/17/2016 15:00,60,0.574,0.488,0.452,0.433,0.413,0.375,0.385,0.00713,0.00784,0.00819,0.00869,0.00922,0.01008,0.01036,0.693
12/17/2016 16:00,60,0.670,0.580,0.546,0.536,0.519,0.494,0.507,0.00713,0.00786,0.00822,0.00873,0.00926,0.01016,0.01044,0.697
12/17/2016 17:00,60,0.891,0.730,0.684,0.665,0.644,0.611,0.628,0.00714,0.00790,0.00828,0.00880,0.00935,0.01031,0.01061,0.699
12/17/2016 18:00,60,1.134,0.898,0.840,0.812,0.780,0.732,0.750,0.00715,0.00795,0.00834,0.00888,0.00945,0.01048,0.01078,0.706
12/17/2016 19:00,60,1.026,0.817,0.760,0.738,0.712,0.670,0.688,0.00716,0.00799,0.00840,0.00895,0.00954,0.01063,0.01094,0.708
12/17/2016 20:00,60,1.018,0.829,0.778,0.763,0.743,0.712,0.733,0.00716,0.00802,0.00844,0.00900,0.00960,0.01074,0.01105,0.713
12/17/2016 21:00,60,1.074,0.895,0.846,0.830,0.813,0.789,0.812,0.00717,0.00805,0.00848,0.00906,0.00968,0.01087,0.01120,0.715
12/17/2016 22:00,60,1.099,0.894,0.842,0.828,0.809,0.782,0.806,0.00717,0.00809,0.00853,0.00913,0.00976,0.01101,0.01135,0.721
12/17/2016 23:00,60,1.091,0.880,0.825,0.807,0.785,0.753,0.778,0.00716,0.00811,0.00856,0.00917,0.00981,0.01111,0.01144,0.724
12/18/2016 00:00,60,0.998,0.816,0.762,0.746,0.727,0.697,0.716,0.00715,0.00812,0.00858,0.00919,0.00984,0.01117,0.01151,0.728
12/18/2016 01:00,60,1.019,0.737,0.672,0.641,0.607,0.555,0.569,0.00714,0.00813,0.00859,0.00920,0.00986,0.01120,0.01155,0.732
12/18/2016 02:00,60,0.962,0.714,0.645,0.610,0.579,0.524,0.533,0.00712,0.00811,0.00857,0.00917,0.00983,0.01117,0.01151,0.736
12/18/2016 03:00,60,0.894,0.674,0.611,0.583,0.551,0.495,0.502,0.00710,0.00809,0.00855,0.00916,0.00981,0.01115,0.01149,0.736
12/18/2016 04:00,60,0.830,0.620,0.560,0.525,0.493,0.438,0.449,0.00708,0.00807,0.00853,0.00913,0.00978,0.01111,0.01145,0.742
12/18/2016 05:00,60,0.756,0.541,0.478,0.440,0.408,0.346,0.350,0.00706,0.00804,0.00849,0.00908,0.00972,0.01104,0.01137,0.744
12/18/2016 06:00,60,0.733,0.543,0.482,0.448,0.419,0.364,0.371,0.00703,0.00801,0.00846,0.00904,0.00967,0.01096,0.01129,0.744
12/18/2016 07:00,19,,,,,,,,,,,,,,,
12/18/2016 08:00,,,,,,,,,,,,,,,,
12/18/2016 09:00,,,,,,,,,,,,,,,,
12/18/2016 10:00,,,,,,,,,,,,,,,,
12/18/2016 11:00,,,,,,,,,,,,,,,,
12/18/2016 12:00,,,,,,,,,,,,,,,,
12/18/2016 13:00,,,,,,,,,,,,,,,,
12/18/2016 14:00,,,,,,,,,,,,,,,,
12/18/2016 15:00,,,,,,,,,,,,,,,,
12/18/2016 16:00,56,1.017,0.700,0.643,0.606,0.575,0.524,0.537,0.00679,0.00767,0.00806,0.00858,0.00914,0.01022,0.01051,0.598
12/18/2016 17:00,60,1.811,1.310,1.197,1.133,1.076,0.991,1.007,0.00679,0.00767,0.00806,0.00858,0.00914,0.01022,0.01051,0.601
12/18/2016 18:00,60,1.897,1.399,1.282,1.213,1.154,1.059,1.077,0.00679,0.00767,0.00806,0.00858,0.00914,0.01022,0.01051,0.605
12/18/2016 19:00,60,2.013,1.470,1.344,1.267,1.201,1.096,1.115,0.00679,0.00764,0.00804,0.00857,0.00913,0.01031,0.01060,0.611
12/18/2016 20:00,60,2.531,1.925,1.766,1.667,1.582,1.442,1.468,0.00686,0.00753,0.00791,0.00844,0.00900,0.01032,0.01064,0.617
12/18/2016 21:00,60,2.612,1.947,1.776,1.668,1.577,1.432,1.458,0.00698,0.00742,0.00775,0.00825,0.00878,0.01006,0.01040,0.624
12/18/2016 22:00,60,1.313,1.063,0.971,0.907,0.854,0.770,0.783,0.00706,0.00734,0.00764,0.00810,0.00859,0.00979,0.01012,0.631
12/18/2016 23:00,60,0.294,0.368,0.340,0.316,0.296,0.260,0.266,0.00703,0.00721,0.00746,0.00788,0.00833,0.00939,0.00971,0.634
12/19/2016 00:00,60,0.341,0.350,0.321,0.298,0.279,0.246,0.250,0.00694,0.00706,0.00729,0.00767,0.00807,0.00899,0.00929,0.639
12/19/2016 01:00,60,0.334,0.326,0.298,0.277,0.259,0.226,0.229,0.00684,0.00693,0.00714,0.00749,0.00786,0.00866,0.00894,0.642
12/19/2016 02:00,60,0.343,0.310,0.282,0.262,0.245,0.214,0.218,0.00674,0.00680,0.00698,0.00730,0.00763,0.00832,0.00858,0.646
12/19/2016 03:00,60,0.332,0.292,0.266,0.248,0.234,0.205,0.208,0.00666,0.00668,0.00685,0.00713,0.00744,0.00802,0.00827,0.652
12/19/2016 04:00,60,0.336,0.285,0.259,0.243,0.227,0.200,0.204,0.00657,0.00657,0.00672,0.00698,0.00726,0.00775,0.00799,0.654
12/19/2016 05:00,60,0.407,0.341,0.313,0.294,0.278,0.247,0.252,0.00650,0.00648,0.00661,0.00685,0.00711,0.00752,0.00775,0.661
12/19/2016 06:00,60,0.447,0.371,0.341,0.322,0.305,0.275,0.280,0.00642,0.00639,0.00651,0.00673,0.00696,0.00730,0.00751,0.665
12/19/2016 07:00,60,0.466,0.389,0.358,0.340,0.323,0.291,0.298,0.00635,0.00631,0.00642,0.00663,0.00685,0.00711,0.00732,0.668
12/19/2016 08:00,60,0.581,0.488,0.453,0.431,0.411,0.376,0.384,0.00629,0.00627,0.00638,0.00658,0.00679,0.00703,0.00723,0.675
12/19/2016 09:00,60,0.483,0.406,0.375,0.355,0.336,0.302,0.311,0.00623,0.00623,0.00633,0.00653,0.00673,0.00695,0.00715,0.677
12/19/2016 10:00,60,0.446,0.385,0.357,0.336,0.320,0.287,0.294,0.00617,0.00617,0.00626,0.00645,0.00664,0.00678,0.00697,0.683
12/19/2016 11:00,60,0.447,0.380,0.347,0.328,0.312,0.280,0.288,0.00610,0.00610,0.00618,0.00634,0.00650,0.00655,0.00671,0.688
12/19/2016 12:00,60,0.443,0.372,0.344,0.325,0.308,0.274,0.279,0.00603,0.00603,0.00609,0.00622,0.00636,0.00631,0.00645,0.691
12/19/2016 13:00,60,0.404,0.344,0.319,0.300,0.285,0.253,0.259,0.00596,0.00595,0.00600,0.00610,0.00622,0.00606,0.00618,0.697
12/19/2016 14:00,60,0.422,0.359,0.334,0.318,0.302,0.272,0.279,0.00590,0.00588,0.00591,0.00600,0.00610,0.00586,0.00597,0.701
12/19/2016 15:00,60,0.454,0.388,0.359,0.346,0.329,0.301,0.308,0.00584,0.00582,0.00585,0.00593,0.00602,0.00575,0.00585,0.706
12/19/2016 16:00,60,0.498,0.420,0.392,0.377,0.360,0.334,0.340,0.00580,0.00579,0.00582,0.00591,0.00600,0.00576,0.00586,0.708
12/19/2016 17:00,60,0.521,0.413,0.383,0.367,0.349,0.321,0.328,0.00575,0.00576,0.00579,0.00588,0.00597,0.00577,0.00586,0.713
12/19/2016 18:00,60,0.492,0.380,0.350,0.332,0.313,0.288,0.294,0.00571,0.00572,0.00574,0.00583,0.00591,0.00571,0.00581,0.717
12/19/2016 19:00,60,0.487,0.372,0.339,0.320,0.302,0.274,0.280,0.00567,0.00567,0.00569,0.00576,0.00584,0.00562,0.00570,0.721
12/19/2016 20:00,60,0.403,0.325,0.298,0.280,0.266,0.242,0.247,0.00563,0.00562,0.00562,0.00568,0.00574,0.00548,0.00556,0.726
12/19/2016 21:00,60,0.372,0.300,0.276,0.261,0.246,0.221,0.227,0.00558,0.00555,0.00553,0.00558,0.00561,0.00530,0.00537,0.728
12/19/2016 22:00,60,0.368,0.303,0.278,0.264,0.249,0.224,0.230,0.00553,0.00549,0.00545,0.00547,0.00549,0.00511,0.00517,0.733
12/19/2016 23:00,60,0.383,0.302,0.274,0.257,0.242,0.215,0.220,0.00547,0.00541,0.00536,0.00536,0.00535,0.00490,0.00495,0.736
12/20/2016 00:00,60,0.357,0.276,0.251,0.232,0.218,0.192,0.196,0.00543,0.00533,0.00526,0.00524,0.00521,0.00468,0.00471,0.739
12/20/2016 01:00,60,0.335,0.258,0.232,0.214,0.201,0.173,0.178,0.00538,0.00525,0.00515,0.00510,0.00504,0.00441,0.00443,0.744
12/20/2016 02:00,54,0.337,0.260,0.234,0.217,0.204,0.178,0.182,0.00533,0.00517,0.00505,0.00498,0.00489,0.00416,0.00416,0.745
12/20/2016 03:00,,,,,,,,,,,,,,,,
12/20/2016 04:00,,,,,,,,,,,,,,,,
12/20/2016 05:00,,,,,,,,,,,,,,,,
12/20/2016 06:00,,,,,,,,,,,,,,,,
12/20/2016 07:00,,,,,,,,,,,,,,,,
12/20/2016 08:00,,,,,,,,,,,,,,,,
12/20/2016 09:00,,,,,,,,,,,,,,,,
12/20/2016 10:00,,,,,,,,,,,,,,,,
12/20/2016 11:00,,,,,,,,,,,,,,,,
12/20/2016 12:00,,,,,,,,,,,,,,,,
12/20/2016 13:00,,,,,,,,,,,,,,,,
12/20/2016 14:00,,,,,,,,,,,,,,,,
12/20/2016 15:00,,,,,,,,,,,,,,,,
12/20/2016 16:00,,,,,,,,,,,,,,,,
12/20/2016 17:00,,,,,,,,,,,,,,,,
12/20/2016 18:00,,,,,,,,,,,,,,,,
12/20/2016 19:00,,,,,,,,,,,,,,,,
12/20/2016 20:00,,,,,,,,,,,,,,,,
12/20/2016 21:00,,,,,,,,,,,,,,,,
12/20/2016 22:00,,,,,,,,,,,,,,,,
12/20/2016 23:00,,,,,,,,,,,,,,,,
12/21/2016 00:00,,,,,,,,,,,,,,,,
12/21/2016 01:00,46,1.800,1.416,1.323,1.267,1.223,1.151,1.184,0.00502,0.00517,0.00517,0.00525,0.00532,0.00515,0.00517,0.604
12/21/2016 02:00,60,1.391,1.081,1.009,0.970,0.933,0.883,0.902,0.00502,0.00517,0.00517,0.00525,0.00532,0.00515,0.00517,0.605
12/21/2016 03:00,60,0.719,0.581,0.546,0.526,0.508,0.482,0.492,0.00502,0.00517,0.00517,0.00525,0.00532,0.00515,0.00517,0.607
12/21/2016 04:00,60,0.499,0.391,0.367,0.352,0.337,0.314,0.319,0.00502,0.00517,0.00517,0.00525,0.00532,0.00515,0.00517,0.611
12/21/2016 05:00,60,0.505,0.405,0.377,0.361,0.346,0.322,0.329,0.00502,0.00517,0.00517,0.00525,0.00532,0.00515,0.00517,0.611
12/21/2016 06:00,60,0.526,0.458,0.428,0.409,0.391,0.366,0.372,0.00502,0.00517,0.00517,0.00525,0.00532,0.00515,0.00517,0.612
12/21/2016 07:00,60,1.306,1.143,1.065,1.016,0.971,0.901,0.920,0.00521,0.00531,0.00534,0.00547,0.00556,0.00550,0.00552,0.617
12/21/2016 08:00,60,0.957,0.880,0.830,0.801,0.771,0.722,0.738,0.00548,0.00553,0.00560,0.00578,0.00593,0.00601,0.00606,0.619
12/21/2016 09:00,60,0.922,0.827,0.778,0.748,0.719,0.672,0.687,0.00566,0.00570,0.00580,0.00603,0.00621,0.00638,0.00646,0.620
12/21/2016 10:00,60,0.778,0.700,0.658,0.634,0.611,0.572,0.585,0.00576,0.00581,0.00593,0.00617,0.00637,0.00657,0.00666,0.625
12/21/2016 11:00,60,0.558,0.482,0.447,0.425,0.405,0.365,0.374,0.00580,0.00588,0.00600,0.00624,0.00644,0.00660,0.00670,0.625
12/21/2016 12:00,60,0.378,0.339,0.318,0.293,0.280,0.235,0.243,0.00580,0.00588,0.00599,0.00621,0.00638,0.00637,0.00645,0.626
12/21/2016 13:00,60,0.368,0.352,0.335,0.313,0.302,0.258,0.267,0.00577,0.00584,0.00593,0.00610,0.00622,0.00590,0.00595,0.631
12/21/2016 14:00,60,0.485,0.472,0.452,0.434,0.422,0.387,0.400,0.00575,0.00581,0.00587,0.00600,0.00608,0.00551,0.00553,0.632
12/21/2016 15:00,60,0.596,0.471,0.434,0.407,0.387,0.351,0.357,0.00578,0.00587,0.00594,0.00608,0.00618,0.00561,0.00564,0.632
12/21/2016 16:00,60,0.980,0.907,0.865,0.841,0.812,0.774,0.795,0.00582,0.00596,0.00605,0.00621,0.00634,0.00588,0.00592,0.633
12/21/2016 17:00,60,0.701,0.676,0.649,0.638,0.618,0.599,0.613,0.00586,0.00608,0.00622,0.00644,0.00662,0.00643,0.00651,0.639
12/21/2016 18:00,60,0.936,0.865,0.827,0.815,0.790,0.768,0.787,0.00589,0.00619,0.00635,0.00662,0.00686,0.00691,0.00702,0.639
12/21/2016 19:00,60,0.660,0.597,0.566,0.555,0.534,0.513,0.524,0.00592,0.00628,0.00647,0.00678,0.00706,0.00733,0.00747,0.645
12/21/2016 20:00,60,0.523,0.487,0.465,0.459,0.443,0.431,0.439,0.00593,0.00632,0.00653,0.00686,0.00717,0.00756,0.00771,0.646
12/21/2016 21:00,60,0.545,0.500,0.475,0.469,0.453,0.442,0.451,0.00594,0.00636,0.00659,0.00695,0.00729,0.00780,0.00797,0.646
12/21/2016 22:00,60,0.455,0.413,0.394,0.387,0.372,0.361,0.367,0.00594,0.00640,0.00664,0.00702,0.00738,0.00801,0.00819,0.649
12/21/2016 23:00,60,0.396,0.364,0.346,0.339,0.326,0.314,0.321,0.00594,0.00641,0.00666,0.00705,0.00743,0.00812,0.00832,0.653
12/22/2016 00:00,60,0.433,0.389,0.370,0.361,0.349,0.334,0.341,0.00593,0.00641,0.00667,0.00706,0.00746,0.00819,0.00839,0.653
12/22/2016 01:00,60,0.310,0.281,0.267,0.260,0.251,0.237,0.244,0.00592,0.00642,0.00668,0.00708,0.00748,0.00825,0.00846,0.657
12/22/2016 02:00,60,0.279,0.256,0.242,0.236,0.228,0.215,0.219,0.00590,0.00640,0.00666,0.00706,0.00747,0.00825,0.00846,0.661
12/22/2016 03:00,60,0.312,0.285,0.273,0.265,0.256,0.244,0.250,0.00589,0.00638,0.00665,0.00705,0.00746,0.00824,0.00846,0.661
12/22/2016 04:00,60,0.218,0.193,0.181,0.175,0.169,0.156,0.160,0.00587,0.00637,0.00664,0.00704,0.00745,0.00824,0.00846,0.667
12/22/2016 05:00,60,0.277,0.247,0.232,0.225,0.217,0.203,0.207,0.00585,0.00634,0.00661,0.00700,0.00741,0.00819,0.00841,0.668
12/22/2016 06:00,60,0.395,0.349,0.330,0.318,0.309,0.290,0.298,0.00583,0.00633,0.00660,0.00699,0.00741,0.00820,0.00842,0.669
12/22/2016 07:00,60,0.652,0.564,0.531,0.515,0.498,0.469,0.481,0.00583,0.00634,0.00662,0.00702,0.00745,0.00827,0.00849,0.675
12/22/2016 08:00,60,0.670,0.599,0.566,0.552,0.534,0.507,0.521,0.00585,0.00639,0.00668,0.00711,0.00755,0.00843,0.00867,0.675
12/22/2016 09:00,60,0.609,0.555,0.525,0.508,0.491,0.463,0.475,0.00587,0.00644,0.00675,0.00719,0.00765,0.00858,0.00883,0.679
12/22/2016 10:00,60,0.680,0.621,0.587,0.565,0.547,0.508,0.523,0.00589,0.00649,0.00680,0.00725,0.00773,0.00869,0.00895,0.683
12/22/2016 11:00,60,0.517,0.465,0.438,0.416,0.402,0.360,0.372,0.00590,0.00652,0.00685,0.00730,0.00779,0.00876,0.00902,0.683
12/22/2016 12:00,60,0.426,0.378,0.354,0.323,0.311,0.256,0.266,0.00590,0.00653,0.00685,0.00730,0.00778,0.00869,0.00895,0.686
12/22/2016 13:00,60,0.297,0.249,0.230,0.194,0.187,0.126,0.135,0.00589,0.00651,0.00683,0.00726,0.00772,0.00852,0.00876,0.690
12/22/2016 14:00,60,0.331,0.284,0.262,0.242,0.231,0.194,0.201,0.00588,0.00649,0.00679,0.00721,0.00765,0.00834,0.00857,0.690
12/22/2016 15:00,60,0.456,0.390,0.364,0.349,0.337,0.310,0.318,0.00588,0.00649,0.00680,0.00721,0.00765,0.00833,0.00856,0.690
12/22/2016 16:00,60,0.608,0.509,0.470,0.455,0.435,0.406,0.415,0.00590,0.00652,0.00684,0.00727,0.00772,0.00845,0.00869,0.695
12/22/2016 17:00,60,0.580,0.493,0.466,0.455,0.438,0.421,0.430,0.00591,0.00655,0.00688,0.00732,0.00778,0.00858,0.00883,0.697
12/22/2016 18:00,60,0.695,0.576,0.539,0.529,0.508,0.494,0.503,0.00592,0.00659,0.00693,0.00738,0.00787,0.00877,0.00902,0.697
12/22/2016 19:00,60,0.644,0.526,0.490,0.485,0.464,0.456,0.464,0.00593,0.00662,0.00697,0.00744,0.00795,0.00894,0.00921,0.700
12/22/2016 20:00,60,0.720,0.573,0.530,0.514,0.488,0.462,0.470,0.00593,0.00665,0.00700,0.00749,0.00801,0.00907,0.00935,0.706
12/22/2016 21:00,60,0.585,0.448,0.410,0.393,0.369,0.344,0.351,0.00594,0.00667,0.00703,0.00752,0.00805,0.00916,0.00945,0.706
12/22/2016 22:00,60,0.525,0.408,0.370,0.352,0.335,0.309,0.315,0.00594,0.00667,0.00704,0.00753,0.00807,0.00920,0.00949,0.706
12/22/2016 23:00,60,0.406,0.338,0.311,0.297,0.283,0.261,0.267,0.00593,0.00667,0.00703,0.00752,0.00806,0.00920,0.00949,0.712
12/23/2016 00:00,60,0.351,0.297,0.273,0.257,0.244,0.222,0.225,0.00592,0.00666,0.00702,0.00751,0.00805,0.00919,0.00948,0.713
12/23/2016 01:00,60,0.417,0.346,0.318,0.303,0.289,0.267,0.272,0.00591,0.00665,0.00701,0.00750,0.00804,0.00918,0.00947,0.713
12/23/2016 02:00,60,0.375,0.300,0.271,0.252,0.236,0.210,0.218,0.00591,0.00665,0.00701,0.00750,0.00804,0.00918,0.00947,0.718
12/23/2016 03:00,60,0.407,0.329,0.297,0.280,0.266,0.240,0.245,0.00591,0.00663,0.00699,0.00748,0.00802,0.00916,0.00945,0.721
12/23/2016 04:00,60,0.468,0.368,0.336,0.316,0.299,0.273,0.279,0.00590,0.00663,0.00699,0.00748,0.00802,0.00916,0.00945,0.721
12/23/2016 05:00,60,0.684,0.542,0.495,0.470,0.451,0.415,0.425,0.00590,0.00663,0.00700,0.00749,0.00803,0.00919,0.00948,0.728
12/23/2016 06:00,60,0.651,0.512,0.467,0.444,0.423,0.391,0.403,0.00591,0.00666,0.00702,0.00752,0.00807,0.00926,0.00956,0.728
12/23/2016 07:00,60,0.753,0.654,0.610,0.587,0.566,0.533,0.548,0.00593,0.00670,0.00708,0.00759,0.00816,0.00941,0.00971,0.733
12/23/2016 08:00,60,0.363,0.360,0.340,0.329,0.316,0.294,0.302,0.00593,0.00671,0.00709,0.00761,0.00819,0.00946,0.00977,0.736
12/23/2016 09:00,60,0.261,0.264,0.252,0.241,0.232,0.208,0.217,0.00593,0.00670,0.00709,0.00760,0.00817,0.00944,0.00975,0.736
12/23/2016 10:00,60,0.213,0.228,0.220,0.208,0.203,0.177,0.185,0.00593,0.00670,0.00708,0.00760,0.00817,0.00942,0.00972,0.736
12/23/2016 11:00,60,0.151,0.158,0.152,0.138,0.133,0.105,0.111,0.00592,0.00668,0.00706,0.00757,0.00813,0.00934,0.00964,0.736
12/23/2016 12:00,56,0.889,0.739,0.698,0.663,0.637,0.573,0.591,0.00591,0.00667,0.00705,0.00755,0.00811,0.00930,0.00959,0.631
12/23/2016 13:00,60,1.131,0.877,0.814,0.774,0.739,0.680,0.694,0.00591,0.00667,0.00705,0.00755,0.00811,0.00930,0.00959,0.604
12/23/2016 14:00,30,,,,,,,,,,,,,,,
12/23/2016 15:00,,,,,,,,,,,,,,,,
12/23/2016 16:00,,,,,,,,,,,,,,,,
12/23/2016 17:00,,,,,,,,,,,,,,,,
12/23/2016 18:00,,,,,,,,,,,,,,,,
12/23/2016 19:00,,,,,,,,,,,,,,,,
12/23/2016 20:00,,,,,,,,,,,,,,,,
12/23/2016 21:00,,,,,,,,,,,,,,,,
12/23/2016 22:00,,,,,,,,,,,,,,,,
12/23/2016 23:00,,,,,,,,,,,,,,,,
